doc_id,text_length_z,text_length_minmax,text_length_robust,text_length_log,year_z,year_minmax,year_robust,year_log
A,-1.135549947915337,0.0,-0.8,2.995732273553991,0.0,0.5,0.0,7.611842399580416
B,-0.16222142113076196,0.3999999999999999,0.0,3.0910424533583156,1.224744871391589,1.0,1.0,7.612336837167745
C,1.2977713690461008,1.0000000000000004,1.2,3.2188758248682006,-1.224744871391589,0.0,-1.0,7.61134771740362
